id;step;description;image_path;synopsis
1;940;Towels;withdrawal;data-warehouse hierarchy model
2;467;Incredible;hack;drive
3;353;success Lead;RAM;Security Hong Handmade
4;449;compress Utah feed;Programmable;withdrawal
5;413;evolve;Web SSL;Pa'anga
6;273;Fantastic;Books benchmark Rustic;Distributed COM
7;881;1080p Grove Account;Lakes e-business;indexing Cambridgeshire
8;309;Switzerland Towels Auto;Architect;internet Usability
9;13;SDD;Sausages Quality;Plastic Optimization
10;247;Books;Investment scalable Synergistic;Beauty Market Synergized
