id;name;location;status;avatar_path;photo_path;description;email;github;linkedin;twitter;created_by;created_dt;modified_by;modified_dt
1;connecting microchip;Handmade;AVAILABLE;Data HDD Fresh;Haiti;Savings quantifying Mouse;"[NyPwA@$.;Yk";architectures transmit;Assistant AGP Generic;Unbranded;18267;2023-05-24T06:08:08;48155;2023-05-23T21:19:43
2;Account;Dynamic;AVAILABLE;moderator Accounts magnetic;Functionality;multi-byte Awesome schemas;"GFWD@DciQd.BuZ";SDD cross-platform;Global Avon;platforms Shoes;75042;2023-05-24T00:01:08;46238;2023-05-23T16:15:56
3;Intelligent Computer;cultivate;UNAVAILABLE;Kuwait Account;EXE Health Toys;New Station granular;"MyN1@_'.<`WJ7";Fully-configurable Monitored Facilitator;Practical Chair Towels;Assistant;76057;2023-05-23T14:04:45;17854;2023-05-23T19:04:57
4;HDD Wyoming Profit-focused;iterate Alaska connect;AVAILABLE;cross-platform Arkansas;Refined SCSI;Washington;"LAL@g*3%t%..VltL\";Licensed application;Configuration strategic;Lead Qatar reciprocal;20530;2023-05-23T13:21:18;49674;2023-05-23T18:07:06
5;state multi-byte;olive;AVAILABLE;Pakistan;Texas Cotton;Data mindshare panel;"L>@G[.X";Tactics;Fresh;Meadows grow azure;4712;2023-05-24T04:17:30;49104;2023-05-23T10:09:32
6;Gorgeous Towels;calculating;AVAILABLE;Gorgeous Car;feed;Locks olive Fantastic;"rXu0@dp!.`Brr!";convergence 17(E.U.A.-17);Soft magenta Handmade;Arkansas Georgia;70562;2023-05-24T02:15:44;89970;2023-05-23T19:59:12
8;bricks-and-clicks Music;Credit Functionality;UNAVAILABLE;Dale;Somoni;Oregon;"pw_\N,@cu1hxV.a,^Z-";Buckinghamshire;Interactions Avon Roads;array;98593;2023-05-23T17:24:19;32685;2023-05-23T17:43:04
9;Global Licensed;Optimization Books payment;UNAVAILABLE;Optimization;hack e-markets;Handcrafted application;"'Bf@z9)m.hWy";UIC-Franc;connecting reboot SSL;e-services;12827;2023-05-23T13:51:05;49593;2023-05-23T17:51:37
10;withdrawal withdrawal Fresh;Principal;UNAVAILABLE;bus;Fantastic;reinvent calculate applications;"ghIVx@Y!!(v.L`iLFJ";Producer;synthesize Dominican utilisation;Row;9986;2023-05-23T20:38:55;74943;2023-05-23T14:14:11
